text,date
Why Amazon And Apple's Differing Streaming Approaches Are Both Designed For Long-Term Success,2021-07-03T11:00:00Z
1 Thing You're Missing About Goldman Sachs,2021-07-03T10:17:00Z
"The Week In Cannabis: Justice Clarence Thomas, Mexico's Decriminalization, Apple's Policy Changes, Tilray And More",2021-07-02T21:09:20Z
Why Investors Should Be Buying Apple Stock,2021-07-02T20:09:57Z
Microsoft And Apple Lead The Dow Jones Higher Friday,2021-07-02T20:07:12Z
These 3 No-Brainer Stocks Are Leading the Market Higher Friday,2021-07-02T18:03:00Z
Roku Gets Apple to Push the Button,2021-07-02T17:19:00Z
Why Apple (AAPL) Could Beat Earnings Estimates Again,2021-07-02T16:10:09Z
Top 5 Dividend Growth Stocks to Buy in July,2021-07-02T15:15:00Z
Robust Jobs Report Another Step Toward Reopened Economy,2021-07-02T14:58:00Z
Ex–Trump adviser creates new social-media platform GETTR — will Trump join?,2021-07-02T14:14:00Z
Apple Could Become Google's Biggest Cloud Customer,2021-07-02T13:31:28Z
"Will Apple Stock Reach $200? In Our Opinion, Not If As Is.",2021-07-02T12:30:00Z
5 Warren Buffett Favorites To Keep An Eye On,2021-07-02T11:56:38Z
Wall Street Breakfast: Wages On Watch,2021-07-02T11:17:06Z
This is the full-size luxury SUV that costs the least over 5 years,2021-07-02T09:03:00Z
Cathie Wood Sells $11M In Roku,2021-07-02T04:04:40Z
Apple Said To Be Working On Letting Some Store Employees Work From Home,2021-07-02T03:05:58Z
TikTok And YouTube Effect On Instagram Pushes It Towards Video: FT,2021-07-01T22:15:02Z
Apple's Decision To Allow Select Cannabis Brands On App Store Signals Incremental Acceptance Of Emerging Legal Market,2021-07-01T20:00:57Z
Amazon’s fight to sideline its biggest critic could cripple FTC’s anti-monopoly crusade,2021-07-01T17:29:00Z
This Is How Long Apple Took To Sell 100M Units Of The iPhone 12,2021-07-01T15:47:05Z
"After Five Winning Quarters, Q3 Off to Wobbly Start Ahead of Jobs Data, OPEC",2021-07-01T14:24:00Z
2 Tech Stocks to Buy in Q3 and Hold for Years,2021-07-01T12:55:00Z
Should You Invest in Taboola After Its SPAC-Backed Market Debut?,2021-07-01T12:30:00Z
The 2021 Porsche Cayenne is hands-down one of the best-handling SUVs,2021-07-01T09:02:00Z
2 Tech Stocks to Buy in Q3 and Hold for Years,2021-07-01T00:55:00Z
Buy This Strong Growth Tech Stock in Q3 and Hold?,2021-06-30T21:44:00Z
How The End Of The Quarter Can Impact Markets: PreMarket Prep Recap,2021-06-30T21:36:40Z
"Spotify Entry Into Live Events Could Diversify Revenue, Take On Live Nation",2021-06-30T21:16:25Z
Why Roku Stock Suddenly Jumped on Wednesday,2021-06-30T20:52:40Z
Tech Stocks Remain a Solid Option for Investors,2021-06-30T20:49:00Z
"Apple iPad, Mac Have 'Positive Demand Tailwind': Gene Munster",2021-06-30T19:29:54Z
"Halfway Through 2021, Wall Street In Waiting Game Ahead Of Jobs Data",2021-06-30T15:46:00Z
Microsoft's (MSFT) Cloud Gaming Comes to Windows 10 PCs &amp; iOS,2021-06-30T15:44:00Z
Are Dividend Stocks Dead?,2021-06-30T14:17:00Z
"Microsoft, Google Terminate Six-Year Pact On Lawsuits As They Set For Open Battle: FT",2021-06-30T13:37:32Z
Is It Too Late To Invest In Microsoft After The Stock Hit A Record High? ,2021-06-30T13:35:00Z
"Stock Market News for Jun 30, 2021",2021-06-30T13:25:00Z
Wall Street Breakfast: Eviction Friction (Podcast),2021-06-30T12:02:32Z
"If You Invested $1,000 In Microsoft At Its IPO, Here's How Much You'd Have Now",2021-06-30T11:40:55Z
3 Top Stocks That Could Triple in Price Once Again,2021-06-30T11:30:00Z
Wall Street Breakfast: Eviction Friction,2021-06-30T11:10:27Z
3 LGBTQ+ CEOs Leading Your Investment Portfolio,2021-06-30T11:07:00Z
Why Warren Buffett Would Love Airbnb Stock,2021-06-30T11:07:00Z
"Forget the Stock Split, Here's the Real Reason to Invest in NVIDIA Stock",2021-06-30T10:35:00Z
These 3 Winners Look Ready for a Stock Split,2021-06-30T09:55:00Z
Apple Dubs In-Person Collaboration 'Essential' Amid Employee-Protest Over Return To Office,2021-06-30T08:38:43Z
Coinbase CEO Gives Apple's Example As He Calls For Building The 'Crypto App Store',2021-06-30T05:17:21Z
Nike And Apple Lead The DIA In A Mixed Day Of Trading,2021-06-29T20:15:10Z
2 Strong Stocks for Long-Term Investors to Buy Now at Highs,2021-06-29T20:03:00Z
Google Forays Into Drone Air-Traffic Control With Wing's OpenSky Application: Bloomberg,2021-06-29T20:02:49Z
Recent Buybacks Hint At An Evolving Buffett View That Could Greatly Juice Berkshire's Value,2021-06-29T16:27:54Z
2 Ad-Tech Stocks That Will Benefit From Google's Latest Decision,2021-06-29T16:00:00Z
Amazon Snaps 'SmartLess' Podcast For $60M-$80M: Bloomberg,2021-06-29T15:40:27Z
Apple: Act Quickly Before The Run To $172,2021-06-29T14:56:33Z
Facebook (FB) Shares Jump on Dismissal of Antitrust Lawsuits,2021-06-29T14:38:00Z
"S&P, NASDAQ Keep Setting Records to Begin Big Week of Data",2021-06-29T13:15:00Z
"Opinion: What’s worth streaming in July 2021: ‘Ted Lasso,’ the Tokyo Olympics and more",2021-06-29T12:35:00Z
5 Stocks to Watch on Booming Augmented Reality Adoption,2021-06-29T12:32:00Z
Judge dismisses Facebook antitrust suit brought by FTC,2021-06-29T12:07:00Z
Facebook crosses $1 trillion mark after judge dismisses FTC antitrust suit,2021-06-29T12:05:00Z
"Opinion: With dismissal of antitrust suits, Facebook remains the Teflon-coated company",2021-06-29T11:11:00Z
"A big market transition is coming. Here’s where investors should steer next, says this strategist.",2021-06-29T11:03:00Z
Are You On the Lookout for Earnings Beat? Here Are 5 Top Picks,2021-06-29T10:52:00Z
Should SPDR MSCI USA StrategicFactors ETF (QUS) Be on Your Investing Radar?,2021-06-29T10:20:03Z
"A classic Ford truck, just smaller and under $20k: the Ford Maverick hybrid",2021-06-29T09:05:00Z
How does the 2021 Mercedes-Benz CLA compare to the 2021 BMW 2 Series?,2021-06-29T08:59:00Z
Apple Lands 25 Daytime Emmy Award Nominations For SVOD Service But It Still Doesn't Match Up To Netflix,2021-06-29T06:35:54Z
"Is 4,300 Finally Too High? Plus What The FAANG Stocks Are Telling Us",2021-06-29T05:05:00Z
"Snapchat Says Aware Of Widespread Issues For Apple Users, 'Working On A Fix'",2021-06-29T04:46:26Z
Inflation Concerns and a Very Large SPAC Deal,2021-06-28T22:31:06Z
50 Facts And Figures About Elon Musk On His 50th Birthday,2021-06-28T22:25:39Z
Apple (AAPL) Outpaces Stock Market Gains: What You Should Know,2021-06-28T21:45:17Z
Facebook Joins The $1 Trillion Club,2021-06-28T20:16:06Z
"This E-Commerce Company Has A Better 5-Year Return Than Tesla, Apple, Microsoft, Alibaba And Amazon",2021-06-28T18:43:16Z
Apple's (AAPL) ECG Feature on Watch Receives China's Approval,2021-06-28T14:39:00Z
Apple (AAPL) Expands Apple TV+ Content With First French Show,2021-06-28T14:30:00Z
Forget Meme Stocks and Cryptocurrency: This Healthcare IPO Could Make You Richer,2021-06-28T14:00:00Z
Apple Faces Moment Of Truth With Video Streaming Service As Elongated Free Trials End,2021-06-28T10:23:38Z
1 Small-Cap SaaS Stock With Big-Cap Potential,2021-06-28T10:21:00Z
A Peek Into The Markets: US Stock Futures Mixed; Crude Oil Edges Lower,2021-06-28T10:09:06Z
"Review: Hyundai’s first pickup, the 2022 Santa Cruz",2021-06-28T09:05:00Z
"Apple AirTags Are A Safety Hazard For Children, Warns Australian Watchdog",2021-06-28T08:33:40Z
Apple Said To Be Exploring Making Bigger iPads,2021-06-28T07:18:33Z
Elon Musk Said To Be In Talks With Walter Issacson Over A Biography,2021-06-28T04:21:20Z
Here Is Berkshire Hathaway's Newest Fintech Investment,2021-06-27T11:11:00Z
Does Your 401(k) Let You Invest in Bitcoin?,2021-06-27T10:10:00Z
Warren Buffett's 3 Favorite Robinhood Stocks,2021-06-27T09:55:00Z
Buying This Cheap Growth Stock Right Now Is a No-Brainer,2021-06-26T13:15:00Z
Why Antitrust Actions Against Alphabet May Be Good For Investors,2021-06-26T10:12:00Z
"Pro Traders Break Down Netflix, Disney Streaming War",2021-06-25T19:21:07Z
How is the Fed’s tapering of its corporate debt purchases going?,2021-06-25T18:23:00Z
Amazon's (AMZN) 14 Projects Accelerate Carbon Neutrality Game,2021-06-25T17:33:00Z
Google Postpones Removing Cookie Tracking Technology By Two Years To 2023: WSJ,2021-06-25T16:36:45Z
Mid-Caps Are Far From Middling,2021-06-25T15:32:00Z
Microsoft (MSFT) Rolls Out Windows 11: Major Takeaways	,2021-06-25T15:10:00Z
1 Way That LendingClub Beats Apple and Starbucks,2021-06-25T14:45:00Z
Alphabet's (GOOGL) Google to Boost India Reach With Jio Deals,2021-06-25T14:00:00Z
"Stocks Remain Near Records After Strong Nike Results, Benign Inflation Data",2021-06-25T13:57:00Z
Microsoft Tops $2 Trillion Market Cap: ETFs in Focus,2021-06-25T13:50:00Z
Opinion: Democrats’ new bills to regulate Big Tech are a reckless rewriting of antitrust law — and they won’t protect consumers,2021-06-25T12:20:00Z
Better Buy: Apple or All 30 Dow Jones Stocks?,2021-06-25T12:16:00Z
"Microsoft closes with valuation above $2 trillion, becoming second U.S. company to do so",2021-06-25T12:04:00Z
It's Not Too Late to Take Advantage of NVIDIA's Stock Split. Here's Why,2021-06-25T12:02:00Z
3 Stocks to Supplement Your Social Security Income,2021-06-25T11:00:00Z
This is the off-road SUV that costs the least over 5 years,2021-06-25T09:05:00Z
Tracking Jeremy Grantham's GMO Capital Portfolio - Q1 2021 Update,2021-06-25T05:14:03Z
Facebook: The PEG Ratio Surprise,2021-06-25T01:14:16Z
Why Apple's Stock Valuation Could Present Long-Term Buying Opportunity,2021-06-24T20:44:53Z
Boeing And Disney Lead The DIA Higher Thursday,2021-06-24T20:21:37Z
Battle of the $2T giants: is Apple or Microsoft the better stock to buy,2021-06-24T19:00:26Z
Could a Financial Robo-Advisor Be Right for You?,2021-06-24T18:42:07Z
"Microsoft Reveals Windows 11, Latest Version Since 2015",2021-06-24T18:35:10Z
Microsoft launches Windows 11 in a reboot for the app-economy age,2021-06-24T17:13:00Z
Why PayPal Raised Its Processing Fees -- and Why It Could Backfire,2021-06-24T15:40:31Z
"This Shoe Company Has A Better 5-Year Return Than Apple, Netflix And Microsoft",2021-06-24T15:34:31Z
Why Apple (AAPL) Stock Might be a Great Pick,2021-06-24T14:38:00Z
Comcast's (CMCSA) Peacock to Stream on Amazon Fire TV in US,2021-06-24T14:32:00Z
ViacomCBS (VIAC) Reorganizes Businesses to Focus on Streaming,2021-06-24T14:25:00Z
Garmin (GRMN) to Boost Aviation Segment With Latest Move,2021-06-24T14:04:00Z
Are Investors Understanding What's Going on With Lordstown Motors?,2021-06-24T12:44:00Z
"Is Now The Time To Buy Stock Or Options In Apple, PayPal, Square Or Vaxart?",2021-06-24T12:31:56Z
Lloyds (LYG) to Shut 44 Branches as Clients Shift to Digital Banking,2021-06-24T12:19:00Z
The Empire Strikes Back: Tech giants mount defense against House antitrust bills,2021-06-24T12:19:00Z
Wall Street Breakfast: No More Pandemic Stress (Podcast),2021-06-24T12:04:03Z
Wall Street Breakfast: No More Pandemic Stress,2021-06-24T11:15:28Z
"The Zacks Analyst Blog Highlights: Apple, Cummins, General Motors, Exxon Mobil and Target",2021-06-24T11:13:00Z
3 Revolutionary Stocks That Can Make You Rich,2021-06-24T10:22:00Z
Meet Apple's Next Big 5G Play,2021-06-24T10:20:00Z
"A Peek Into The Markets: US Stock Futures Rise Ahead Of Earnings, Economic Data",2021-06-24T10:03:52Z
Here's How to Find the Best Dividend Stocks,2021-06-24T10:00:00Z
3 Great Robinhood Stocks to Buy This Summer,2021-06-24T09:52:00Z
Apple Looks To Widen China Revenue Streams With Launch Of Search Advertising Service,2021-06-24T08:41:26Z
A 6.7-Inch iPhone At $900? Analyst Says Apple Will Bring This Product To Market Next Year,2021-06-24T07:53:04Z
Apple Working On A 'Journalism Project' With New York Magazine,2021-06-24T05:48:22Z
ETFs to Gain From the Impressive Nasdaq Rally,2021-06-23T18:27:00Z
"This Pizza Stock Has Better 10-Year Return Than Apple, Netflix And Microsoft",2021-06-23T17:58:52Z
Nasdaq at New Peak: ETFs to Tap the Surge,2021-06-23T15:15:00Z
"Apple Defends App Store Policy Citing User Privacy, Ransomware Attack Protection",2021-06-23T14:23:43Z
"SPX Nears Record After Last Week’s Rough Patch, But Crude Rally Raises Eyebrows",2021-06-23T14:01:00Z
Wearable Devices Penetrating Healthcare: 5 Stocks to Watch,2021-06-23T13:21:00Z
Resurging Tech Lifts NASDAQ to New Record,2021-06-23T13:15:00Z
New FTC chair Lina Khan is Big Tech’s biggest nightmare,2021-06-23T12:51:00Z
4 Stocks to Watch Amid Growing Demand for Streaming Services,2021-06-23T12:45:00Z
Warren Buffett Loves These 3 Stocks,2021-06-23T12:45:00Z
"Stock Market News for Jun 23, 2021",2021-06-23T12:32:00Z
"If You Invested $1000 in Apple 10 Years Ago, This Is How Much You'd Have Now",2021-06-23T12:30:05Z
Wall Street Breakfast: Tales From The Crypto (Podcast),2021-06-23T12:13:49Z
"Get Over Bitcoin, Buy These 5 S&amp;P 500 Stocks for Big Gains",2021-06-23T12:07:00Z
Wall Street Breakfast: Tales From The Crypto,2021-06-23T11:26:55Z
4 Stocks to Buy as Nasdaq Hits Record High on Tech Rally,2021-06-23T11:08:00Z
"The Zacks Analyst Blog Highlights: Apple, Caterpillar, The Home Depot, Dow and UnitedHealth Group",2021-06-23T11:07:00Z
"Apple, Ford Among 'Low-Effort' Buys Right Now, Says Cramer",2021-06-23T08:40:45Z
Apple Supplier Foxconn Offers Record Cash Bonuses To Workers In Bid To Ramp Up iPhone 13 Production: Report,2021-06-23T07:44:19Z
Tracking Bruce Berkowitz's Fairholme Portfolio - Q1 2021 Update,2021-06-23T06:34:27Z
Microsoft Joins Apple In The $2T Valuation Club,2021-06-23T04:26:01Z
"Amazon World's Most Valuable Brand Followed By Apple, Kantar Finds",2021-06-23T02:27:52Z
2 ETFs For Small And Microcap Investors,2021-06-22T22:20:11Z
Apple (AAPL) Outpaces Stock Market Gains: What You Should Know,2021-06-22T21:45:17Z
"U.S. stocks end higher, extending rebound as Fed’s Powell testified",2021-06-22T20:47:00Z
Buy Nike and FedEx Stock Before Earnings as Long-Term Holds?,2021-06-22T20:42:00Z
FTC to review Amazon’s planned $8.45 billion purchase of MGM: report,2021-06-22T17:35:00Z
3 Revolutionary Tech Stocks For The Roaring 20s,2021-06-22T17:06:00Z
"Apple Suppliers Prioritize Cupertino's Chip Orders, Scale Up Manufacturing For iPhone 13: Report",2021-06-22T15:51:41Z
"Got $1,000? Buy These Hot Growth Stocks Before They Take Off",2021-06-22T15:47:55Z
"Amazon is the world’s most valuable brand, but Alibaba and Facebook have better financials",2021-06-22T15:36:00Z
Apple: Massive Profits Ahead,2021-06-22T13:53:06Z
Facebook Is Likely to Report Huge Growth in Q2,2021-06-22T12:45:00Z
Spielberg’s deal with Netflix is latest chapter in complicated relationship,2021-06-22T11:59:00Z
"3 PC Stocks That Turned $10,000 Into Millions",2021-06-22T11:55:00Z
US Chipmaker GlobalFoundries To Build $4B Plant In Singapore: Bloomberg,2021-06-22T11:43:38Z
Wall Street Breakfast: Rattling Supply Chains,2021-06-22T11:24:37Z
Top 6 Blue-Chip Picks to Tap Dow's Comeback Rally,2021-06-22T11:15:00Z
Why PayPal Stock Will Pay Off Long Term,2021-06-22T09:23:00Z
These 3 Dow Stocks Are Set to Soar in 2021's Second Half,2021-06-22T09:05:00Z
Amazon and Apple are the most valuable brands in the world — but these Chinese companies are catching up,2021-06-21T21:40:00Z
Best ETFs for Long-Term Investors,2021-06-21T21:26:00Z
"Apple's Stock Attempts Bullish Break, Options Traders Hammer Calls",2021-06-21T19:30:20Z
"Emerging EV Market Dynamics: BofA Says GM, Volkswagen Aggressive Among Legacy Automakers",2021-06-21T16:58:27Z
"Pre-Market Reversal Kicks Off Busy Week Featuring Powell, Nike Earnings",2021-06-21T15:18:00Z
"German Antitrust Regulators Probe Apple, With Focus On App Store",2021-06-21T15:07:59Z
Alphabet's (GOOGL) Google to Widen Reach With Latest Feature,2021-06-21T14:32:00Z
ROKU Originals Drive Record Streaming Period for Channel,2021-06-21T14:28:00Z
Is Spotify's Exclusive Podcast Strategy Worthwhile?,2021-06-21T13:40:00Z
"Stock Market News for Jun 21, 2021",2021-06-21T12:32:00Z
Where to Invest $100 Right Now,2021-06-21T12:15:00Z
Synopsys (SNPS) Reloads Stock-Buyback Authorization to $500M,2021-06-21T12:03:00Z
Apple: No Returns Ahead,2021-06-21T12:00:00Z
Wall Street Breakfast: Travel Is Back,2021-06-21T10:51:54Z
"The Zacks Analyst Blog Highlights: NVIDIA, Intuit, Applied Materials, Zoom Video and Apple",2021-06-21T10:40:00Z
Will Intuitive Surgical Be a Trillion-Dollar Stock by 2031?,2021-06-21T10:00:00Z
6 Monster Stock Market Predictions: Dramatic Change In Market Dynamics,2021-06-21T04:40:00Z
Inflation Fears and Stock Market News,2021-06-21T01:45:33Z
Apple: Winter Is Coming,2021-06-21T01:33:22Z
"FAANG Stocks In First-half: Last Year's Laggards Google, Facebook Come On Top As Apple, Amazon And Netflix Fall Off",2021-06-20T20:54:10Z
Is Matterport a Stock for the Long Haul?,2021-06-20T18:40:00Z
"1 Stock To Buy, 1 To Dump When Markets Open: Amazon, Bank of America",2021-06-20T12:02:00Z
Wall Street Breakfast: The Week Ahead,2021-06-20T11:03:48Z
1 Recent Tech IPO to Put on Your Radar,2021-06-20T10:47:00Z
This Is Warren Buffett's Best Dividend Stock by Far,2021-06-20T09:55:00Z
3 Stocks I'll Be Buying When The Market Crashes Again,2021-06-20T09:37:00Z
Outperforming The S&P 500 By Trading The Top 10 Stocks From 40 Large Hedge Funds: Trading Update 6/20/2021,2021-06-20T06:12:01Z
‘Nice underpinning to the market’: Buybacks may prop stock market rattled after Fed meeting,2021-06-20T00:22:00Z
NVIDIA: The Next Trillion Dollar Company?,2021-06-19T14:45:00Z
This Apple Supplier Is Generating Bigger Gains Than Apple,2021-06-19T13:00:00Z
Stocks To Watch: Big Spotlight On Big Tech,2021-06-19T11:30:00Z
