time,text
2021-05-13 20:14:53Z,Apple’s iPhone privacy clampdown arrives after 7-month delay
2021-05-13 17:56:53Z,Apple Earnings: Five Things To Expect
2021-05-13 18:56:53Z,"Apple's M2 SoC Enters Production, Could Ship in Higher-End Macs by July - ExtremeTech"
2021-05-13 16:56:53Z,Apple M2 Chip For Powerful New Macs Enters Production | Digital Trends
2021-05-13 10:56:53Z,Apple's Latest 'M2' Chips Are in Mass Production
2021-05-13 18:56:53Z,Apple's M2 Chip Is Reportedly Coming Soon
2021-05-13 15:56:53Z,"Apple To Expand Presence In Colorado, Including Adding More Engineering Jobs In Boulder"
2021-05-13 09:56:53Z,Apple's major privacy change is here. What you need to know | NewsChannel 3-12
2021-05-13 18:56:53Z,Apple's App Tracking Transparency Toggle in iOS 14.5 Not Appearing for Some Users
2021-05-12 20:56:53Z,Apple Pledges $1 Billion for New North Carolina Engineering Hub
2021-05-13 01:56:53Z,Apple’s iPhone privacy clampdown arrives after 7-month delay
2021-05-12 20:56:53Z,Apple’s iPhone privacy clampdown arrives after 7-month delay
2021-05-13 07:56:53Z,Apple shakes up industry with privacy changes
2021-05-13 09:56:53Z,Apple’s major privacy change is here. What you need to know
2021-05-13 06:56:53Z,Apple to Ban Apps That Reward Users for Enabling App Tracking
2021-05-12 20:56:53Z,Apple releases iPhone anti-tracking feature
2021-05-13 11:56:53Z,Apple investing $448 million in Catawba County as part of NC expansion
2021-05-13 05:56:53Z,Apple building a campus in N.C.
2021-05-12 20:56:53Z,Apple's privacy battle with Facebook just became all-out war
2021-05-13 10:56:53Z,Apple's next-gen 'M2' Mac processor has reportedly gone into production
2021-05-12 20:56:53Z,Apple iPhone Tracking Setting
2021-05-13 04:56:53Z,"Apple's 'M2' Next-Gen Mac Chip Enters Mass Production, Expected to Debut in Redesigned MacBooks..."
2021-05-12 20:56:53Z,Apple to Build New Campus in North Carolina
2021-05-12 20:56:53Z,Apple Music launches more than 100 city-focused music charts
2021-05-12 20:56:53Z,Apple's iPhone privacy clampdown arrives after 7-month delay
2021-05-12 20:56:53Z,Apple Rolls Out Privacy Shield to Thwart Snoopy Apps
2021-05-12 20:56:53Z,"Apple will finally let you unlock your iPhone with Face ID while wearing a mask, but only if you..."
2021-05-13 05:56:53Z,Apple App Tracking Transparency might be buggy for some users
2021-05-12 20:56:53Z,Apple announces 1st East Coast campus in North Carolina
2021-05-12 21:56:53Z,Apple’s iPhone privacy clampdown arrives after 7-month delay
2021-05-12 21:56:53Z,Apple announces 1st East Coast campus in North Carolina
2021-05-12 21:56:53Z,"Apple’s new iPhone privacy changes, explained"
2021-05-12 20:56:53Z,"Apple Releases tvOS 14.5 With New Color Balance Feature, Expanded Controller Support"
2021-05-12 20:56:53Z,Apple iPhone 11 Pro review
2021-05-12 20:56:53Z,"Apple to grow San Diego employees to 5,000 over 5 years"
2021-05-12 20:56:53Z,Apple Earmarks $430 Billion For US Innovations
2021-05-12 20:56:53Z,Apple Investment Push Includes “Dozens” Of Streaming Productions In 20 States
2021-05-13 02:56:53Z,Apple's major privacy change is here. What you need to know
2021-05-12 20:56:53Z,Apple announces 1st East Coast campus in North Carolina
2021-05-12 21:56:53Z,Apple announces 1st East Coast campus in North Carolina
2021-05-12 20:56:53Z,Apple announces 1st East Coast campus in North Carolina
2021-05-13 16:56:53Z,Apple vs. Facebook: Where do you stand on the privacy divide? (Includes interview)
2021-05-12 20:56:53Z,Apple Music launches more than 100 city-focused music charts
2021-05-13 15:56:53Z,Apple Updates Its Video Creation Clips App With AR Spaces
2021-05-12 20:56:53Z,Apple boosts its US investment - CNN Video
2021-05-12 20:56:53Z,Apple Announces Plan to Expand Its Culver City Team
2021-05-12 23:56:53Z,Apple’s AR glasses are reportedly falling behind schedule
2021-05-12 20:56:53Z,Apple Music launches more than 100 city-focused music charts
2021-05-13 16:56:53Z,Apple faces EU antitrust complaint over Spotify as soon as this week
2021-05-12 20:56:53Z,"Apple Releases watchOS 7.4 With iPhone Unlocking, Apple Fitness+ AirPlay 2 Support"
2021-05-12 20:56:53Z,Apple to add thousands of jobs in San Diego
2021-05-12 21:56:53Z,Apple releases macOS Big Sur 11.3 - MacDailyNews
2021-05-12 20:56:53Z,"Apple to open $1 billion 3,000-employee campus in North Carolina"
2021-05-13 11:56:53Z,Apple's M1 chip gives Mac some iPhone shine. Now we find out how much
2021-05-12 20:56:53Z,Apple announces 1st East Coast campus in North Carolina
2021-05-13 13:56:53Z,Apple Earnings Preview: Here’s What To Expect
2021-05-12 20:56:53Z,Apple announces 1st East Coast campus in North Carolina
2021-05-12 20:56:53Z,Apple's iPhone privacy clampdown arrives after 7-month delay
2021-05-12 20:56:53Z,Apple Music launches more than 100 city-focused music charts
2021-05-12 20:56:53Z,Apple and Google are Killing the Advertising Cookie
2021-05-12 20:56:53Z,Apple announces 1st East Coast campus in North Carolina
2021-05-13 08:56:53Z,Apple Set to Get EU Antitrust Complaint Over Spotify
2021-05-13 15:56:53Z,Apple’s AppTrackingTransparency is Upending Mobile Phone Tracking
2021-05-13 11:56:53Z,"Apple doubles down on the United States, promising another $80 billion investment"
2021-05-13 03:56:53Z,Apple exec: Impact of Apple ad tracking privacy change will hinge on app developers
2021-05-13 06:56:53Z,"Apple launches iOS privacy change, sparks antitrust issue | Light Reading"
2021-05-12 20:56:53Z,Apple and Facebook face off over iPhone privacy update
2021-05-12 20:56:53Z,Apple iPhone Privacy Crackdown
2021-05-13 04:56:53Z,Apple to build site in Indiana | Business | Journal Gazette
2021-05-12 20:56:53Z,Apple Hikes 5-Year US Investment Commitments To $430B
2021-05-13 00:56:53Z,Apple's new app privacy requirement draws Facebook's ire
2021-05-12 20:56:53Z,Apple Rolls Out Major New Privacy Protections For iPhones And iPads
2021-05-11 20:56:53Z,Apple Announces AirTag to Find Lost Items
2021-05-12 20:56:53Z,Apple's iPhone privacy clampdown arrives after 7-month delay
2021-05-08 20:56:53Z,Apple Prepping Messaging Upgrades
2021-05-12 21:56:53Z,"Apple adding 5,000 jobs in San Diego"
2021-05-12 20:56:53Z,Apple releases new video explaining App Tracking Transparency
2021-05-12 20:56:53Z,Apple's iPhone privacy clampdown arrives after 7-month delay
2021-05-07 20:56:53Z,Apple Invests in Music Startup
2021-05-12 20:56:53Z,Apple Hikes 5-Year US Investment Commitments To $430B
2021-05-12 20:56:53Z,Apple announces 1st East Coast campus in North Carolina
2021-05-12 20:56:53Z,Apple Music launches more than 100 city-focused music charts
2021-05-12 20:56:53Z,Apple boosts its US investment
2021-05-10 20:56:53Z,Apple Plans To Achieve Carbon Neutrality
2021-05-08 20:56:53Z,Apple Renews Digital Purchase Exemption
2021-05-07 20:56:53Z,Apple releases new products
2021-05-12 20:56:53Z,Apple boosts US investment pledge to $430 bn
2021-05-12 20:56:53Z,Apple AirTag vs. Tile vs. Chipolo - MacDailyNews
2021-05-12 20:56:53Z,Apple releases iOS 14.5 with stricter app tracking privacy
2021-05-12 20:56:53Z,Apple Has Its Own American Infrastructure Plan
2021-05-07 20:56:53Z,Apple Launches Premium Podcast Program
2021-05-09 20:56:53Z,"Apple unveils new products, schedules privacy crackdown"
2021-05-12 20:56:53Z,Apple announces 1st East Coast campus in North Carolina
2021-05-13 08:56:53Z,"Apple, Facebook's Frosty Relations Have Origins In Cook Confronting Zuckerberg Over Data Privacy..."
2021-05-12 20:56:53Z,Apple announces 1st East Coast campus in North Carolina
2021-05-12 20:56:53Z,"Apple announces $430 billion investment in US, 20K new jobs"
2021-05-13 06:56:53Z,Apple Rolled Out A New Privacy Feature To Stop Apps From Tracking Users! | Mix 104.7 | Valentine In...
2021-05-12 20:56:53Z,"Apple to increase Culver City workforce to more than 3,000"
2021-05-12 20:56:53Z,Apple announces 1st East Coast campus in North Carolina
2021-05-12 20:56:53Z,Apple announces 1st East Coast campus in North Carolina
2021-05-12 20:56:53Z,Apple slapped with antitrust complaint in Germany over new iPhone privacy settings
2021-05-12 20:56:53Z,Apple announces 1st East Coast campus in North Carolina
2021-05-12 20:56:53Z,Apple's iPhone privacy clampdown arrives after 7-month delay
2021-05-12 20:56:53Z,Apple Music launches more than 100 city-focused music charts
2021-05-12 20:56:53Z,Apple Music launches more than 100 city-focused music charts
2021-05-12 20:56:53Z,Apple Music launches more than 100 city-focused music charts
2021-05-12 20:56:53Z,Apple Music launches more than 100 city-focused music charts
2021-05-12 20:56:53Z,Apple Music launches more than 100 city-focused music charts
2021-05-12 20:56:53Z,Apple Music launches more than 100 city-focused music charts
2021-05-12 20:56:53Z,Apple announces 1st East Coast campus in North Carolina
2021-05-12 20:56:53Z,Apple's iPhone privacy clampdown arrives after 7-month delay
2021-05-12 20:56:53Z,Apple's iPhone privacy clampdown arrives after 7-month delay
2021-05-12 20:56:53Z,Apple announces 1st East Coast campus in North Carolina
2021-05-12 20:56:53Z,Apple announces 1st East Coast campus in North Carolina
2021-05-13 10:56:53Z,Apple Shares First Trailer for Rose Byrne-Starring TV+ Show 'Physical'
2021-05-12 20:56:53Z,Apple announces 1st East Coast campus in North Carolina
2021-05-11 20:56:53Z,Apple TV Launch in Mainland China Reportedly Imminent
2021-05-13 06:56:53Z,Apple’s iPhone privacy clampdown arrives after 7-month delay
2021-05-12 20:56:53Z,Apple's iPhone privacy clampdown arrives after 7-month delay
2021-05-12 20:56:53Z,Apple Music launches more than 100 city-focused music charts
2021-05-12 20:56:53Z,Apple Music launches more than 100 city-focused music charts
2021-05-12 20:56:53Z,Apple Music launches more than 100 city-focused music charts
2021-05-12 20:56:53Z,Apple Music launches more than 100 city-focused music charts
2021-05-12 20:56:53Z,Apple Music launches more than 100 city-focused music charts
2021-05-12 20:56:53Z,Apple Music launches more than 100 city-focused music charts
2021-05-12 20:56:53Z,Apple Music launches more than 100 city-focused music charts
2021-05-12 20:56:53Z,Apple Music launches more than 100 city-focused music charts
2021-05-12 20:56:53Z,Apple Music launches more than 100 city-focused music charts
2021-05-12 20:56:53Z,Apple announces 1st East Coast campus in North Carolina
2021-05-12 20:56:53Z,Apple announces 1st East Coast campus in North Carolina
2021-05-12 21:56:53Z,Apple’s iPhone privacy clampdown arrives after 7-month delay | WTOP
2021-05-12 20:56:53Z,Apple's iPhone privacy clampdown arrives after 7-month delay
2021-05-12 20:56:53Z,Apple's iPhone privacy clampdown arrives after 7-month delay
2021-05-12 20:56:53Z,Apple announces 1st East Coast campus in North Carolina
2021-05-12 20:56:53Z,Apple’s iPhone privacy clampdown arrives after 7-month delay
2021-05-12 20:56:53Z,Apple Campus North Carolina
2021-05-12 20:56:53Z,Apple's iPhone privacy clampdown arrives after 7-month delay
2021-05-12 20:56:53Z,Apple releases iOS 14.5 with stricter app tracking privacy
2021-05-12 20:56:53Z,Apple announces 1st East Coast campus in North Carolina
2021-05-12 20:56:53Z,Apple announces 1st East Coast campus in North Carolina
2021-05-12 20:56:53Z,Apple announces 1st East Coast campus in North Carolina
2021-05-12 20:56:53Z,Apple announces 1st East Coast campus in North Carolina
2021-05-12 20:56:53Z,"Apple will spend $1 billion to open 3,000-employee campus in North Carolina"
2021-05-12 20:56:53Z,Apple announces 1st East Coast campus in North Carolina
2021-05-12 20:56:53Z,Apple announces 1st East Coast campus in North Carolina
2021-05-12 20:56:53Z,Apple boosts US investment 20% over five years to $430 billion
2021-05-12 20:56:53Z,Apple boosts US investment 20% over five years to $430 billion
2021-05-12 20:56:53Z,Apple boosts US investment 20% over five years to $430 billion
2021-05-12 20:56:53Z,Apple’s iPhone privacy clampdown arrives after 7-month delay
2021-05-12 20:56:53Z,Apple’s iPhone privacy clampdown arrives after 7-month delay
2021-05-12 20:56:53Z,Apple’s iPhone privacy clampdown arrives after 7-month delay
2021-05-12 20:56:53Z,Apple’s iPhone privacy clampdown arrives after 7-month delay
2021-05-12 20:56:53Z,Apple boosts US investment 20% over five years to $430 billion
2021-05-12 20:56:53Z,Apple boosts US investment 20% over five years to $430 billion
2021-05-12 20:56:53Z,Apple boosts US investment 20% over five years to $430 billion
2021-05-12 20:56:53Z,Apple’s iPhone privacy clampdown arrives after 7-month delay
2021-05-12 20:56:53Z,Apple’s iPhone privacy clampdown arrives after 7-month delay
2021-05-12 20:56:53Z,Apple’s iPhone privacy clampdown arrives after 7-month delay
2021-05-13 03:56:53Z,Apple macOS Hit With Malicious and Risky Bug: Download Update 11.3 to Fix the Security Issue
2021-05-12 20:56:53Z,"Apple iPhone cracks down on Facebook, other apps secretly tracking users"
2021-05-12 20:56:53Z,Apple’s iPhone privacy clampdown arrives as it debuts ‘App Tracking Transparency’ feature
2021-05-12 20:56:53Z,Apple’s iPhone privacy clampdown arrives after 7-month delay
2021-05-12 20:56:53Z,Apple’s iPhone privacy clampdown arrives after 7-month delay
2021-05-12 20:56:53Z,Apple’s iPhone privacy clampdown arrives after 7-month delay
2021-05-12 20:56:53Z,Apple’s iPhone privacy clampdown arrives after 7-month delay
2021-05-12 20:56:53Z,Apple’s iPhone privacy clampdown arrives after 7-month delay
2021-05-12 20:56:53Z,Apple To Ramp Up Investment In The US To $430B
2021-05-12 20:56:53Z,Apple announces 1st East Coast campus in North Carolina
2021-05-12 20:56:53Z,Apple Music launches more than 100 city-focused music charts
2021-05-12 20:56:53Z,Apple Music launches more than 100 city-focused music charts
2021-05-12 20:56:53Z,Apple's iPhone privacy clampdown arrives after 7-month delay
2021-05-12 20:56:53Z,"Apple announces plans for central Indiana center, 500 jobs"
2021-05-12 20:56:53Z,Apple announced a huge new $430 billion US investment including a new East Coast campus
2021-05-12 20:56:53Z,Apple announces 1st East Coast campus in North Carolina
2021-05-12 20:56:53Z,Apple’s iPhone privacy clampdown arrives after 7-month delay
2021-05-12 20:56:53Z,Apple’s iPhone privacy clampdown arrives after 7-month delay
2021-05-12 20:56:53Z,Apple’s iPhone privacy clampdown arrives after 7-month delay
2021-05-12 20:56:53Z,Apple’s iPhone privacy clampdown arrives after 7-month delay
2021-05-12 20:56:53Z,Apple announces 1st East Coast campus in North Carolina
2021-05-12 20:56:53Z,Apple announces 1st East Coast campus in North Carolina
2021-05-12 22:56:53Z,"Apple Eyes Expansion in Culver City to 3,000 Employees by 2026, Part of $430B U.S. Investment Plan"
2021-05-12 22:56:53Z,"Apple Eyes Expansion in Culver City to 3,000 Employees by 2026, Part of $430B U.S. Investment Plan"
2021-05-11 20:56:53Z,Apple To Add 'Several Hundred New Jobs' In Massachusetts By 2026
2021-05-12 20:56:53Z,Apple announces 1st East Coast campus in North Carolina
2021-05-12 20:56:53Z,Apple announces 1st East Coast campus in North Carolina
2021-05-12 20:56:53Z,Apple announces 1st East Coast campus in North Carolina
2021-05-12 20:56:53Z,Apple Announces 1st East Coast Campus In North Carolina
2021-05-12 20:56:53Z,Apple's major privacy change is here. What you need to know - KION546
2021-05-12 20:56:53Z,Apple announces 1st East Coast campus in North Carolina
2021-05-12 20:56:53Z,Apple pledges to create hundreds of new jobs in Massachusetts
2021-05-12 20:56:53Z,Apple’s iPhone privacy clampdown arrives after 7-month delay
2021-05-12 20:56:53Z,Apple to open North Carolina campus as part of $430 billion US investment | ZDNet
2021-05-12 20:56:53Z,"Apple rolls out iPhone privacy feature, cracking down on apps that track users' activity"
2021-05-12 20:56:53Z,Apple announces 1st East Coast campus in North Carolina
2021-05-12 20:56:53Z,Apple announces 1st East Coast campus in North Carolina
2021-05-12 20:56:53Z,Apple announces 1st East Coast campus in North Carolina
2021-05-12 20:56:53Z,Apple announces 1st East Coast campus in North Carolina
2021-05-12 20:56:53Z,Apple's IPhone Privacy Clampdown Arrives After 7-Month Delay
2021-05-12 20:56:53Z,Apple Likely Planning to Use AMD RDNA2 GPUs in Future Macs - ExtremeTech
2021-05-12 20:56:53Z,Apple announces 1st East Coast campus in North Carolina
2021-05-12 20:56:53Z,Apple announces 1st East Coast campus in North Carolina
2021-05-12 20:56:53Z,Apple announces 1st East Coast campus in North Carolina
2021-05-12 20:56:53Z,Apple Music launches more than 100 city-focused music charts
2021-05-09 20:56:53Z,Apple Valley seniors for the week of April 23
2021-05-12 20:56:53Z,Apple announces 1st East Coast campus in North Carolina
2021-05-12 21:56:53Z,Apple will now let you add virtual lasers and confetti to your Clips videos
2021-05-12 20:56:53Z,Apple Campus North Carolina
2021-05-12 20:56:53Z,"Apple rolls out iPhone privacy feature, cracking down on apps that track users' activity"
2021-05-12 20:56:53Z,Apple announces 1st East Coast campus in North Carolina
2021-05-12 20:56:53Z,Apple announces 1st East Coast campus in North Carolina
2021-05-12 21:56:53Z,Apple rolls out crackdown on tracking by Facebook and other apps
2021-05-12 20:56:53Z,Apple announces 1st East Coast campus in North Carolina
2021-05-12 20:56:53Z,Apple announces 1st East Coast campus in North Carolina
2021-05-12 20:56:53Z,Apple announces 1st East Coast campus in North Carolina
2021-05-12 20:56:53Z,Apple boosts US investment 20% over five years to $430 billion
2021-05-12 20:56:53Z,Apple announces 1st East Coast campus in North Carolina
2021-05-12 20:56:53Z,Apple announces 1st East Coast campus in North Carolina
2021-05-12 20:56:53Z,Apple slapped with antitrust complaint in Germany over new iPhone privacy settings
2021-05-12 20:56:53Z,Apple boosts US investment 20% over five years to $430 billion
2021-05-12 20:56:53Z,Apple’s iPhone privacy clampdown arrives after 7-month delay
2021-05-12 20:56:53Z,Apple's iPhone privacy clampdown arrives after 7-month delay
2021-05-12 20:56:53Z,Apple boosts US investment 20% over five years to $430 billion
2021-05-12 20:56:53Z,Apple’s iPhone privacy clampdown arrives after 7-month delay
2021-05-12 20:56:53Z,Apple Music launches more than 100 city-focused music charts
2021-05-12 20:56:53Z,Apple’s iPhone privacy clampdown arrives after 7-month delay
2021-05-12 20:56:53Z,Apple's iPhone privacy clampdown arrives after 7-month delay
2021-05-12 20:56:53Z,Apple Earnings Day: 3 Predictions On Apple Stock Price Moves
2021-05-12 20:56:53Z,Apple's iPhone privacy clampdown arrives after 7-month delay
2021-05-12 20:56:53Z,Apple's iPhone privacy clampdown arrives after 7-month delay
2021-05-12 20:56:53Z,Apple's iPhone privacy clampdown arrives after 7-month delay
2021-05-12 20:56:53Z,Apple announces 1st East Coast campus in North Carolina
2021-05-12 20:56:53Z,Apple to build its 1st East Coast campus in North Carolina
2021-05-12 20:56:53Z,Apple announces 1st East Coast campus in North Carolina
2021-05-12 20:56:53Z,Apple announces 1st East Coast campus in North Carolina
2021-05-13 15:56:53Z,Apple’s iPhone privacy clampdown arrives after 7-month delay // WJFW Newswatch 12
2021-05-07 20:56:53Z,Apple News Gaining Apple Music Editorial Content
2021-05-12 20:56:53Z,Apple's iPhone privacy clampdown arrives after 7-month delay - Indianapolis Business Journal
2021-05-12 20:56:53Z,Apple rolls out iOS 14.5 update and major new privacy tool
2021-05-12 20:56:53Z,"Apple Announces Plans for Central Indiana Center, 500 Jobs"
2021-05-12 20:56:53Z,"Apple to increase San Diego employee roster by 5,000 over next 5 years -"
2021-05-12 20:56:53Z,Apple’s iPhone privacy clampdown arrives after 7-month delay
2021-05-12 20:56:53Z,Apple’s iPhone privacy clampdown arrives after 7-month delay
2021-05-12 20:56:53Z,Apple’s iPhone privacy clampdown arrives after 7-month delay
2021-05-12 20:56:53Z,Apple’s iPhone privacy clampdown arrives after 7-month delay
2021-05-09 20:56:53Z,Apple Launches Employee Program for COVID-19 Vaccinations
2021-05-12 20:56:53Z,Apple announces plans to build new campus in North Carolina
2021-05-12 20:56:53Z,Apple NC Campus Means $1 Billion for the State - The Mac Observer
2021-05-12 20:56:53Z,Apple announces 1st East Coast campus in North Carolina
2021-05-12 20:56:53Z,"Apple Expanding Culver City Workforce to 3,000 Employees, Adding Additional Space To Westside Campus"
2021-05-12 22:56:53Z,Apple's major privacy change is here. What you need to know - KVIA
2021-05-12 20:56:53Z,Apple announces 1st East Coast campus in North Carolina
2021-05-12 20:56:53Z,Apple announces 1st East Coast campus in North Carolina
2021-05-12 20:56:53Z,"Apple plans to invest $430 billion, create 20,000 new jobs in U.S. - Silicon Valley Business Journal"
2021-05-13 17:56:53Z,Apple To Face EU Antitrust Charge This Week
2021-05-12 20:56:53Z,Apple announces 1st East Coast campus in North Carolina
2021-05-12 20:56:53Z,Apple announces 1st East Coast campus in North Carolina
2021-05-12 20:56:53Z,Apple announces 1st East Coast campus in North Carolina
2021-05-12 20:56:53Z,Apple announces 1st East Coast campus in North Carolina
2021-05-12 20:56:53Z,Apple announces 1st East Coast campus in North Carolina
2021-05-12 20:56:53Z,Apple announces 1st East Coast campus in North Carolina
2021-05-12 20:56:53Z,"Apple plans $430 billion in U.S. investment, will open North Carolina campus"
2021-05-12 20:56:53Z,"Apple will finally let you unlock your iPhone with Face ID while wearing a mask, but only if you..."
2021-05-11 20:56:53Z,Apple announces 1st East Coast campus in North Carolina
2021-05-12 20:56:53Z,Apple to Build New Campus in North Carolina — Update
2021-05-12 20:56:53Z,"Apple to establish North Carolina campus, increase U.S. spending targets"
2021-05-12 20:56:53Z,Apple is the only company worth $2 trillion. That's probably about to change - KION546
2021-05-12 20:56:53Z,Apple’s AR Glasses Has Reportedly Been Delayed - Early 2022 Launch Could Be Unlikely
2021-05-12 20:56:53Z,Apple Is Building a $1B Campus and Engineering Hub in North Carolina
2021-05-12 20:56:53Z,Apple announces 1st East Coast campus in North Carolina
2021-05-12 20:56:53Z,"Apple To Increase San Diego Employee Roster By 5,000 Over Next 5 Years"
2021-05-11 20:56:53Z,Apple Is Sued Over iPhone Water Resistance | 710 WOR
2021-05-12 20:56:53Z,Apple’s iPhone privacy clampdown arrives after 7-month delay
2021-05-12 20:56:53Z,Apple and Google are Killing the Advertising Cookie
2021-05-12 20:56:53Z,Apple announces 1st East Coast campus in North Carolina
2021-05-12 20:56:53Z,Apple is the only company worth $2 trillion. That's probably about to change - KVIA
2021-05-12 20:56:53Z,"Apple commits to 20,000 US jobs, new North Carolina campus"
2021-05-12 20:56:53Z,"Apple to open first East Coast campus in North Carolina, add 20K jobs across US"
2021-05-11 20:56:53Z,Apple Glasses Prototype Reportedly Falls Behind 2021 Testing Schedule
2021-05-12 20:56:53Z,Apple's iPhone privacy clampdown arrives after 7-month delay
2021-05-12 20:56:53Z,Apple announces new $1 billion North Carolina campus and $80 billion additional US spending
2021-05-12 20:56:53Z,Apple Boosts U.S. Investment 20% Over Five Years to $430 Billion
2021-05-12 20:56:53Z,Apple announces 1st East Coast campus in North Carolina
2021-05-12 20:56:53Z,Apple's IPhone Privacy Clampdown Arrives After 7-Month Delay | Snopes.com
2021-05-11 20:56:53Z,Apple to help employees get Covid 19 vaccine at its offices
2021-05-12 20:56:53Z,"Apple will build corporate campus in North Carolina, boost U.S. spending by billions"
2021-05-12 20:56:53Z,"Apple plans $430 billion in U.S. investment, will open North Carolina campus"
2021-05-12 20:56:53Z,Apple is the only company worth $2 trillion. That's probably about to change | NewsChannel 3-12
2021-05-12 20:56:53Z,"Apple Plans $1 Billion Investment, 3,000 jobs in Research Triangle Park"
2021-05-13 13:56:53Z,Apple Car rumors swirl around Lucid Motors - MacDailyNews
2021-05-12 20:56:53Z,"Apple to Add 20,000 New US Jobs in 5 Years, Including Big Expansion in Culver City and San Diego"
2021-05-12 20:56:53Z,Apple announces 1st East Coast campus in North Carolina
2021-05-12 20:56:53Z,Apple hit with German antitrust complaint as it prepares to roll out new iPhone software
2021-05-12 20:56:53Z,"Apple doubles down on the United States, promising another $80 billion investment - KVIA"
2021-05-12 20:56:53Z,"Apple To Increase Culver City Workforce To More Than 3,000 Over Next 5 Years - MyNewsLA.com"
2021-05-12 20:56:53Z,Apple’s iPhone Privacy Clampdown Arrives After 7-Month Delay
2021-05-12 20:56:53Z,"Apple doubles down on the United States, promising another $80 billion investment"
2021-05-12 20:56:53Z,"Apple doubles down on the United States, promising another $80 billion investment"
2021-05-12 20:56:53Z,Apple iPhone SE (2nd gen) review
2021-05-12 20:56:53Z,Apple deals blow to Facebook as it rolls out new privacy update
2021-05-12 20:56:53Z,"Apple unveils $1B investment to build East Coast hub in North Carolina, create at least 3,000 jobs"
2021-05-12 20:56:53Z,"Apple to invest $430 billion over five years in US, including $1B campus in North Carolina"
2021-05-12 20:56:53Z,Apple Music launches more than 100 city-focused music charts
2021-05-11 20:56:53Z,"Apple announces plans for central Indiana center, 500 jobs"
2021-05-12 20:56:53Z,Apple announces 1st East Coast campus in North Carolina
2021-05-12 20:56:53Z,Apple announces 1st East Coast campus in North Carolina
2021-05-12 20:56:53Z,"Apple investing $430B in US, North Carolina campus first on East Coast"
2021-05-12 20:56:53Z,Apple plans $1 billion East Coast campus in Research Triangle Park in North Carolina
2021-05-11 20:56:53Z,Apple announces 1st East Coast campus in North Carolina
2021-05-12 20:56:53Z,"Apple to build East Coast campus in North Carolina with at least 3,000 new jobs"
2021-05-12 20:56:53Z,"Apple Releases macOS Big Sur 11.3 With M1 Optimizations, AirTag Integration, Updated Controller..."
2021-05-12 20:56:53Z,Apple Announces 1st East Coast Campus in North Carolina
2021-05-12 23:56:53Z,Apple's iPhone privacy clampdown arrives after 7-month delay
2021-05-12 21:56:53Z,Apple's iPhone privacy clampdown arrives after 7-month delay
2021-05-12 21:56:53Z,Apple's big expansion in San Diego will be a boon for the region's universities
2021-05-12 20:56:53Z,"Apple to Add 20,000 New US Jobs in 5 Years, Including Big Expansion in California"
2021-05-13 19:56:53Z,Apple Music now lets you annoy your friends with song lyrics
2021-05-12 20:56:53Z,Apple's major privacy change is here. What you need to know | NewsChannel 3-12
2021-05-11 20:56:53Z,Apple announces 1st East Coast campus in North Carolina
2021-05-12 20:56:53Z,Apple to invest more than $430 billion in America over next five years
2021-05-12 20:56:53Z,Apple rolls out iOS 14.5 with controversial privacy feature | ZDNet
2021-05-11 20:56:53Z,Apple's iPhone anti-tracking privacy clampdown arrives after 7-month delay
2021-05-12 20:56:53Z,Apple announces 1st East Coast campus in North Carolina
2021-05-12 20:56:53Z,Apple Plans to Make $430 Billion in U.S. Investments Over Next Five Years
2021-05-12 22:56:53Z,"Apple releases iOS 14.5, the biggest update since iOS 14 first launched"
2021-05-11 20:56:53Z,"Apple Announces $430 Billion Investment to Create 20,000 US Jobs Over Next Five Years"
2021-05-13 20:45:53Z,"Apple Inc. stock falls Tuesday, still outperforms market"
2021-05-09 20:56:53Z,"Apple Stock Buybacks, Dividend Hike Could Be Sugar On Top For March Quarter"
2021-05-09 20:56:53Z,Apple to offer employees COVID-19 vaccinations at offices
2021-05-06 20:56:53Z,"Apple unveils new products, schedules privacy crackdown"
2021-05-08 20:56:53Z,Apple won't bring macOS to iPad
2021-05-12 20:56:53Z,"Apple says it will invest $430 billion in the US over the next 5 years, creating 20,000 new jobs,..."
2021-05-13 12:56:53Z,Apple Fiscal Q2 Preview: Services in the Spotlight
2021-05-11 20:56:53Z,Apple Has Its Own American Infrastructure Plan By Investing.com
2021-05-12 20:56:53Z,Apple's major privacy change is here. What you need to know
2021-05-13 13:56:53Z,Apple M2 production leak is good news for new MacBook Pro 2021
2021-05-07 20:56:53Z,Apple plans to expands ads business - FT By Reuters
2021-05-12 20:56:53Z,"Apple to establish North Carolina campus, increase U.S. spending targets"
2021-05-12 20:56:53Z,"Apple to Add 20,000 U.S. Jobs in the U.S. Over 5 Years"
2021-05-12 20:56:53Z,Apple announces 1st East Coast campus in North Carolina
2021-05-12 20:56:53Z,Apple Will Invest Billions In U.S. Chip Design Through New $430 Billion Plan
2021-05-12 20:56:53Z,Apple IDFA changes come into force - industry reaction | Mobile Marketing Magazine
2021-05-13 11:56:53Z,Apple Could Blow the Top Off Earnings—Again. What That Would Mean for the Stock.
2021-05-09 20:56:53Z,"Apple’s AirTags are selling out, but use this trick to get yours on time"
2021-05-12 20:56:53Z,Apple's App Tracking Transparency feature has arrived here's what you need to know
2021-05-12 20:56:53Z,Apple Ups U.S. Investments Over Five Years to $430 Billion
2021-05-12 20:56:53Z,Apple Music launches more than 100 city-focused music charts
2021-05-09 20:56:53Z,Apple Unveils Spring Product Update
2021-05-11 20:56:53Z,Apple Music launches more than 100 city-focused music charts
2021-05-06 20:56:53Z,"Apple unveils new products, schedules privacy crackdown"
2021-05-06 20:56:53Z,"Apple unveils new products, schedules privacy crackdown"
2021-05-06 20:56:53Z,"Apple unveils new products, schedules privacy crackdown"
2021-05-06 20:56:53Z,"Apple unveils new products, schedules privacy crackdown"
2021-05-06 20:56:53Z,"Apple unveils new products, schedules privacy crackdown"
2021-05-06 20:56:53Z,"Apple unveils new products, schedules privacy crackdown"
2021-05-06 20:56:53Z,"Apple unveils new products, schedules privacy crackdown"
2021-05-06 20:56:53Z,"Apple unveils new products, schedules privacy crackdown"
2021-05-09 20:56:53Z,Apple to help workers get COVID-19 shots at its offices
2021-05-06 20:56:53Z,Apple unveils new iMac with M1 chip
2021-05-09 20:56:53Z,Apple faces lawsuit over its iTunes 'Buy' button - MacDailyNews
2021-05-12 20:56:53Z,Apple iOS Privacy Changes Prompt Complaint
2021-05-13 03:56:53Z,Apple's ATT power play: the hard truth of concentrated leverage
2021-05-06 20:56:53Z,"Apple unveils new products, schedules privacy crackdown"
2021-05-12 20:56:53Z,"Apple to open first East Coast campus in North Carolina, add 20K jobs across US"
2021-05-12 20:56:53Z,"Apple to open first East Coast campus in North Carolina, add 20K jobs across US"
2021-05-12 20:56:53Z,"Apple to open first East Coast campus in North Carolina, add 20K jobs across US"
2021-05-12 20:56:53Z,"Apple to open first East Coast campus in North Carolina, add 20K jobs across US"
2021-05-12 23:56:53Z,Apple to Invest $430 Billion in the U.S. Over 5 Years
2021-05-12 20:56:53Z,Apple incentives are the largest in NC history. Here’s how the deal breaks down.
2021-05-13 16:56:53Z,Apple's M2 chip has reportedly entered mass production
2021-05-10 20:56:53Z,Apple AirTags hands-on: These $29 trackers are small and impressive
2021-05-06 20:56:53Z,"Apple unveils new products, schedules privacy crackdown"
2021-05-12 20:56:53Z,Apple Rolls Out Major New Privacy Protections For iPhones And iPads
2021-05-06 20:56:53Z,"Apple unveils new products, schedules privacy crackdown"
2021-05-12 20:56:53Z,Apple Music launches more than 100 city-focused music charts
2021-05-12 20:56:53Z,"Apple to release iOS 14.5, iPadOS 14.5, and tvOS 14.5 today - MacDailyNews"
2021-05-09 20:56:53Z,Apple to Launch Program for Employees to Get Covid-19 Shots
2021-05-12 20:56:53Z,Apple Music launches more than 100 city-focused music charts
2021-05-09 20:56:53Z,Apple's New iPads Lead Tablet Sales Boom During Pandemic
2021-05-10 20:56:53Z,Apple began FCC regulatory testing for AirTag in 2019 - MacDailyNews
2021-05-06 20:56:53Z,"Apple unveils new products, schedules privacy crackdown"
2021-05-13 09:56:53Z,Apple will reportedly face EU antitrust charges this week
2021-05-13 14:56:53Z,Apple and Spotify Are Ready to Take Your Podcast Money
2021-05-08 20:56:53Z,Apple's Spring Loaded event: The five biggest announcements | ZDNet
2021-05-09 20:56:53Z,Apple's new AirTags will compete with Tile's family of Bluetooth trackers — here's how they stack up
2021-05-13 06:56:53Z,Apple's Latest iPhone Update Dropped Today | KUBE 93.3 | Christie James
2021-05-12 20:56:53Z,Apple Music launches more than 100 city-focused music charts
2021-05-12 20:56:53Z,"Apple, Amazon, Google, Tesla and Spotify are part of Zacks Earnings Preview"
2021-05-09 20:56:53Z,Apple has yet to fix a scary security flaw that hackers can use in AirDrop
2021-05-07 20:56:53Z,Apple iPad Pro puts Android tablets to shame
2021-05-09 20:56:53Z,Apple Seeds First Betas of iOS and iPadOS 14.6 to Public Beta Testers
2021-05-06 20:56:53Z,"Apple unveils new products, schedules privacy crackdown"
2021-05-06 20:56:53Z,"Apple unveils new products, schedules privacy crackdown"
2021-05-06 20:56:53Z,"Apple unveils new products, schedules privacy crackdown"
2021-05-12 20:56:53Z,Apple’s privacy update shows the massive power of small design changes
2021-05-13 14:56:53Z,"Apple to face landmark antitrust charges over Spotify complaint this week, according to reports"
2021-05-08 20:56:53Z,Apple Store goes down: Purple iPhone 12 and AirTag are coming
2021-05-08 20:56:53Z,Apple Says It Has No Plans To Merge The iPad And Mac
2021-05-06 20:56:53Z,"Apple unveils new products, schedules privacy crackdown"
2021-05-06 20:56:53Z,"Apple unveils new products, schedules privacy crackdown"
2021-05-12 20:56:53Z,Apple’s $430 Billion Spending Spree Is the Ultimate Power Play
2021-05-13 14:56:53Z,"Apple to face landmark antitrust charges over Spotify complaint this week, according to reports"
2021-05-11 20:56:53Z,"Apple plans $100M distribution center, 500 jobs near Indianapolis - Indianapolis Business Journal"
2021-05-07 20:56:53Z,Apple Shares Two New 'Behind the Mac' Ads
2021-05-12 20:56:53Z,Apple’s Secret Asset - The User Community
2021-05-12 20:56:53Z,"Apple announces $430 billion investment in US with 20,000 new jobs"
2021-05-08 20:56:53Z,Apple to boost its app advertising business - MacDailyNews
2021-05-09 20:56:53Z,Apple to help employees get COVID-19 vaccines - Bloomberg News
2021-05-08 20:56:53Z,Apple Store goes down: Purple iPhone 12 and AirTag are coming
2021-05-12 20:56:53Z,Apple announces 1st East Coast campus in North Carolina // WJFW Newswatch 12
2021-05-09 20:56:53Z,Apple's new 12.9-inch iPad Pro will not work with the original $ 349 Magic Keyboard
2021-05-09 20:56:53Z,Apple iOS 14.5: Dazzling New iPhone Upgrade’s Last Secrets Are Out
2021-05-06 20:56:53Z,Apple Podcasts Subscriptions: When & What To Expect
2021-05-07 20:56:53Z,Apple AirTags made a good small impression - Video
2021-05-12 20:56:53Z,Apple Music launches more than 100 city-focused music charts
2021-05-12 20:56:53Z,Apple Music launches more than 100 city-focused music charts
2021-05-12 20:56:53Z,Apple Music launches more than 100 city-focused music charts
2021-05-12 20:56:53Z,Apple Music launches more than 100 city-focused music charts
2021-05-12 20:56:53Z,Apple Music launches more than 100 city-focused music charts
2021-05-12 20:56:53Z,Apple Music launches more than 100 city-focused music charts
2021-05-12 20:56:53Z,Apple Music launches more than 100 city-focused music charts
2021-05-08 20:56:53Z,Apple supplier hit with $50M ransomware demand
2021-05-12 20:56:53Z,Apple’s iPhone privacy clampdown arrives after 7-month delay
2021-05-12 20:56:53Z,Apple’s iPhone privacy clampdown arrives after 7-month delay
2021-05-12 20:56:53Z,Apple’s iPhone privacy clampdown arrives after 7-month delay
2021-05-12 20:56:53Z,Apple’s iPhone privacy clampdown arrives after 7-month delay
2021-05-08 20:56:53Z,Apple TV 4K's new Siri Remote might actually be good - MacDailyNews
2021-05-08 20:56:53Z,Apple AirTags hands-on: These trackers are small and impressive
2021-05-08 20:56:53Z,Apple says AirTags aren’t designed for tracking your kids or your pets
2021-05-08 20:56:53Z,Apple says AirTags aren’t designed for tracking your kids or your pets
2021-05-13 14:56:53Z,"Apple's app tracking update released, Twitter imagines Zuckerberg's fury"
2021-05-12 20:56:53Z,Apple announces 1st East Coast campus in North Carolina
2021-05-12 20:56:53Z,Apple announces 1st East Coast campus in North Carolina
2021-05-12 20:56:53Z,Apple announces 1st East Coast campus in North Carolina
2021-05-12 20:56:53Z,Apple announces 1st East Coast campus in North Carolina
2021-05-12 20:56:53Z,Apple incentives are the largest in NC history. Here’s how the deal breaks down.
2021-05-08 20:56:53Z,Apple Music Editorial Content To Be Better Integrated With News
2021-05-08 20:56:53Z,"Apple working on iMessage upgrades for iOS 15, may make it better than WhatsApp for iPhone users"
2021-05-13 13:56:53Z,Apple Fixes macOS Security Bug That Allowed Hackers To Bypass All Security Checks!
2021-05-06 20:56:53Z,"Apple, Google Face Bipartisan Antitrust Grilling Over Apps"
2021-05-06 20:56:53Z,"Apple unveils new products, schedules privacy crackdown"
2021-05-06 20:56:53Z,"Apple unveils new products, schedules privacy crackdown"
2021-05-12 20:56:53Z,Apple announces 1st East Coast campus in North Carolina
2021-05-12 20:56:53Z,Apple announces 1st East Coast campus in North Carolina
2021-05-12 20:56:53Z,Apple announces 1st East Coast campus in North Carolina
2021-05-12 20:56:53Z,Apple announces 1st East Coast campus in North Carolina
2021-05-12 20:56:53Z,Apple announces 1st East Coast campus in North Carolina
2021-05-12 20:56:53Z,Apple announces 1st East Coast campus in North Carolina
2021-05-12 20:56:53Z,Apple announces 1st East Coast campus in North Carolina
2021-05-12 20:56:53Z,Apple announces 1st East Coast campus in North Carolina
2021-05-12 20:56:53Z,Apple announces 1st East Coast campus in North Carolina
2021-05-12 20:56:53Z,"Apple announces plans for central Indiana center, 500 jobs"
2021-05-13 11:56:53Z,Report: Apple Starts M2 Chip Mass Production
2021-05-12 20:56:53Z,Apple Music launches more than 100 city-focused music charts
2021-05-12 20:56:53Z,Apple's iPhone privacy clampdown arrives after 7-month delay
2021-05-12 22:56:53Z,Apple Music launches more than 100 city-focused music charts | WTOP
2021-05-12 20:56:53Z,Apple announces 1st East Coast campus in North Carolina
2021-05-12 20:56:53Z,Apple’s iPhone privacy clampdown arrives after 7-month delay
2021-05-12 20:56:53Z,Apple Music launches more than 100 city-focused music charts
2021-05-12 20:56:53Z,Apple Music launches more than 100 city-focused music charts
2021-05-12 20:56:53Z,Apple Music launches more than 100 city-focused music charts
2021-05-12 22:56:53Z,Apple's iPhone privacy clampdown arrives after 7-month delay
2021-05-12 22:56:53Z,Apple's iPhone privacy clampdown arrives after 7-month delay
2021-05-08 20:56:53Z,Apple execs explain the insanely powerful M1-equipped iPad Pro
2021-05-08 20:56:53Z,Apple Lawsuit Claims They Misled Customers Who Bought Movies and TV Shows
2021-05-12 20:56:53Z,Apple’s iPhone privacy clampdown arrives after 7-month delay
2021-05-12 20:56:53Z,Apple’s iPhone privacy clampdown arrives after 7-month delay
2021-05-13 14:56:53Z,Apple's M2 Chip Goes Into Mass Production for Mac - Slashdot
2021-05-12 20:56:53Z,Apple Music launches more than 100 city-focused music charts
2021-05-12 20:56:53Z,Apple Music launches more than 100 city-focused music charts
2021-05-12 20:56:53Z,Apple is spending $430 billion more on 5G and silicon: Here’s why
2021-05-12 20:56:53Z,"Apple To Expand Presence In Colorado, Including Adding More Engineering Jobs In Boulder"
2021-05-10 20:56:53Z,Apple employees will soon be able to get COVID-19 vaccinations at the tech giant's workplaces
2021-05-12 20:56:53Z,Apple's iPhone privacy clampdown arrives after 7-month delay
2021-05-07 20:56:53Z,Apple plans to expands ads business - FT
2021-05-10 20:56:53Z,Apple employees will soon be able to get COVID-19 vaccinations at the tech giant's workplaces
2021-05-11 20:56:53Z,Apple Watch: Aluminum vs. Stainless Steel Compared
2021-05-12 20:56:53Z,Apple’s privacy update shows the massive power of small design changes
2021-05-12 20:56:53Z,Apple announces 1st East Coast campus in North Carolina
2021-05-12 20:56:53Z,Apple announces 1st East Coast campus in North Carolina
2021-05-12 22:56:53Z,Apple plans to expand ads business - FT
2021-05-12 20:56:53Z,Apple's App Tracking Transparency feature has arrived — here's what you need to know
2021-05-11 20:56:53Z,"Apple moving forward on app privacy, despite pushback"
2021-05-12 20:56:53Z,Apple Investment Push Includes “Dozens” Of Streaming Productions In 20 States
2021-05-08 20:56:53Z,Apple Store goes Down: Purple iPhone 12 And AirTag Are Coming
2021-05-12 20:56:53Z,"Apple unveils $1B investment to build east coast hub in Research Triangle, create at least 3,000..."
2021-05-12 20:56:53Z,"Apple to invest in new operations in Hendricks County, bringing nearly 500 new jobs"
2021-05-12 20:56:53Z,Apple Music City Charts Capture Locally Popular Songs | Digital Trends
2021-05-12 20:56:53Z,"Apple to establish North Carolina campus, increase U.S. spending targets"
2021-05-12 20:56:53Z,Apple Pledges $1 Billion for New North Carolina Engineering Hub
2021-05-12 20:56:53Z,Apple Music launches more than 100 city-focused music charts
2021-05-12 20:56:53Z,Apple announces 1st East Coast campus in North Carolina
2021-05-12 20:56:53Z,Apple announces 1st East Coast campus in North Carolina
2021-05-12 20:56:53Z,Apple announces 1st East Coast campus in North Carolina
2021-05-08 20:56:53Z,Apple's AirTag was worth the wait — here's why - CNN Underscored
2021-05-13 06:56:53Z,Apple’s major privacy change is here. What you need to know
2021-05-08 20:56:53Z,Apple TV 4K's New Siri Remote Is Compatible With Older Models
2021-05-12 23:56:53Z,Apple to Invest $430 Billion in the U.S. Over 5 Years | The Motley Fool
2021-05-09 20:56:53Z,Apple's New Siri Remote No Longer Supports Motion Controls
2021-05-12 20:56:53Z,Apple Music launches more than 100 city-focused music charts
2021-05-12 20:56:53Z,Apple Music launches more than 100 city-focused music charts
2021-05-10 20:56:53Z,"Apple won't merge iPad and Mac, despite hardware convergence"
2021-05-06 20:56:53Z,"Apple unveils new products, schedules privacy crackdown"
2021-05-06 20:56:53Z,"Apple unveils new products, schedules privacy crackdown"
2021-05-09 20:56:53Z,Apple AirTags hands-on: These $29 trackers are small and impressive
2021-05-06 20:56:53Z,"Apple unveils new products, schedules privacy crackdown"
2021-05-09 20:56:53Z,Apple AirTags and purple iPhone 12 are now available for preorder
2021-05-10 20:56:53Z,Apple's AirTag will work with Android phones… sort of
2021-05-08 20:56:53Z,Apple's Privacy Changes Worry Publishers
2021-05-13 06:56:53Z,Apple will reportedly face EU antitrust charges this week – OSnews
2021-05-08 20:56:53Z,Apple AirTags hands-on: These $29 trackers are small and impressive
2021-05-12 20:56:53Z,Apple’s iPhone privacy clampdown arrives after 7-month delay
2021-05-12 21:56:53Z,Apple's iPhone privacy clampdown arrives after 7-month delay
2021-05-12 20:56:53Z,Apple’s iPhone privacy clampdown arrives after 7-month delay
2021-05-12 20:56:53Z,Apple’s iPhone privacy clampdown arrives after 7-month delay
2021-05-12 20:56:53Z,Apple’s iPhone privacy clampdown arrives after 7-month delay
2021-05-12 20:56:53Z,Apple announces 1st East Coast campus in North Carolina
2021-05-12 20:56:53Z,Apple Music launches more than 100 city-focused music charts
2021-05-08 20:56:53Z,Apple's Online Store Goes Down to Prepare for AirTag and Purple iPhone 12 Orders
2021-05-12 20:56:53Z,Apple announces 1st East Coast campus in North Carolina
2021-05-12 20:56:53Z,Apple is the only company worth $2 trillion. That's probably about to change
2021-05-09 20:56:53Z,Apple’s leaked iPhone 13 design looks incredible in this new video
2021-05-12 20:56:53Z,Apple Music launches more than 100 city-focused music charts
2021-05-09 20:56:53Z,How to order Apple AirTags
2021-05-12 20:56:53Z,Apple is the only company worth $2 trillion. That's probably about to change
2021-05-07 20:56:53Z,Apple to launch update with app tracking feature next week
2021-05-12 20:56:53Z,Apple’s iPhone privacy clampdown arrives after 7-month delay
2021-05-09 20:56:53Z,How to order Apple AirTags
2021-05-11 20:56:53Z,"Apple Investing $1 Billion Into Triangle, Creating Thousands Of Jobs | ALT 95.3"
2021-05-09 20:56:53Z,Apple's podcast subscriptions are good for business
2021-05-12 20:56:53Z,Apple Music launches more than 100 city-focused music charts
2021-05-12 20:56:53Z,"Apple announces plans for central Indiana center, 500 jobs"
2021-05-08 20:56:53Z,"Apple App Store, Google Play scrutinized in antitrust hearing"
2021-05-08 20:56:53Z,Apple Reportedly Prepping Major iPhone and iPad Software Revamp
2021-05-07 20:56:53Z,"Apple (AAPL) Unveils New iPad, iMac, AirTags, TV 4K & More"
2021-05-07 20:56:53Z,Apple targeted in $50 million ransomware attack resulting in unprecedented schematic leaks
2021-05-12 20:56:53Z,Apple announces 1st East Coast campus in North Carolina
2021-05-12 20:56:53Z,Apple announces 1st East Coast campus in North Carolina
2021-05-06 20:56:53Z,Apple Unveils Faster iPad Pro With 5G Option
2021-05-08 20:56:53Z,"Apple MacBook Pro 2021 may launch with more ports, SD card reader slot, no Touch Bar"
2021-05-07 20:56:53Z,Apple iOS 14.5 set to be released ‘next week’
2021-05-07 20:56:53Z,Apple iOS 14.5 set to be released ‘next week’
2021-05-09 20:56:53Z,Apple Began Preparing for AirTag Regulatory Approval Nearly Two Years Ago
2021-05-13 15:56:53Z,Apple's next-gen 'M2' processor reportedly enters mass production
2021-05-08 20:56:53Z,Apple’s AirTag works with Android devices too: Here’s how
2021-05-06 20:56:53Z,Apple unveils new iMac powered by its own chips
2021-05-12 20:56:53Z,Apple's iPhone privacy clampdown arrives after 7-month delay
2021-05-06 20:56:53Z,"Apple launches new iPad Pro, slim colorful iMacs"
2021-05-12 20:56:53Z,Apple's iPhone privacy clampdown arrives after 7-month delay
2021-05-12 20:56:53Z,Apple's iPhone privacy clampdown arrives after 7-month delay
2021-05-12 20:56:53Z,Apple's iPhone privacy clampdown arrives after 7-month delay
2021-05-13 15:56:53Z,Top 4 Mutual Fund Holders of Apple (AAPL)
2021-05-06 20:56:53Z,"Apple unveils new products, schedules privacy crackdown"
2021-05-06 20:56:53Z,"Apple unveils new products, schedules privacy crackdown"
2021-05-06 20:56:53Z,Apple unveils new iMac powered by its own chips at 'Spring Loaded' event
2021-05-13 13:56:53Z,Apple enables PlayStation DualSense and Xbox controller support in iOS 14.5 update | Dot Esports
2021-05-07 20:56:53Z,"Apple Announces Array of Brightly Colored, M1-Powered iMacs - ExtremeTech"
2021-05-06 20:56:53Z,"Apple Releases New iPhone Cases, Apple Watch Bands, AirTag Accessories, More"
2021-05-11 20:56:53Z,Apple set a date for its privacy push. Now comes the hard part.
2021-05-08 20:56:53Z,Apple To Boost Ad Business With Focus On Privacy
2021-05-12 20:56:53Z,"Apple unveils $1B investment to build east coast hub in Research Triangle, create at least 3,000..."
2021-05-08 20:56:53Z,Apple Adds Support for AMD GPU in macOS Big Sur 11.4
2021-05-12 20:56:53Z,"Apple's iOS 14.5 delivers new privacy controls, Unlock iPhone with Apple Watch, and much more"
2021-05-07 20:56:53Z,Apple's new M1 iPad Pro with 5G: Everything you need to know
2021-05-12 20:56:53Z,Apple announces 1st East Coast campus in North Carolina
2021-05-06 20:56:53Z,"Apple Debuts AirTags Item Trackers, New iMacs, iPads At Spring Product Launch"
2021-05-07 20:56:53Z,Apple target of $50 million ransomware hack of assembler Quanta
2021-05-08 20:56:53Z,Apple's iOS 15 will reportedly bring big upgrades to notifications and the home screen
2021-05-08 20:56:53Z,"Apple Plans Notifications, iPad Home Screen Upgrades for iOS 15"
2021-05-07 20:56:53Z,Apple to release iOS 14.5 with App Tracking Transparency privacy framework next week
2021-05-08 20:56:53Z,"Apple Inc. stock falls Thursday, underperforms market"
2021-05-12 20:56:53Z,"Apple to establish North Carolina campus, increase U.S. spending targets"
2021-05-07 20:56:53Z,Apple 'Sherlocking' Highlighted in Antitrust Probe—Google Also Questioned Over 'Firewall'
2021-05-07 20:56:53Z,Apple made a big mistake with its new iMacs - KVIA
2021-05-08 20:56:53Z,First Look: Apple AirTag
2021-05-10 20:56:53Z,Apple TV 4K: Every upgrade coming to the new streaming box
2021-05-07 20:56:53Z,Apple Quietly Adds 10GbE Option to Mac Mini M1
2021-05-12 20:56:53Z,Apple Music launches more than 100 city-focused music charts
2021-05-07 20:56:53Z,Apple Prepares To Expand Ad Business Amid Allegations Of Stifling Rivals: Report
2021-05-09 20:56:53Z,Apple’s new 12.9-inch iPad Pro won’t work with the original $349 Magic Keyboard
2021-05-09 20:56:53Z,Apple faces class-action lawsuit over its definition of the word “buy”
2021-05-12 20:56:53Z,Apple iPhone privacy update seen hurting Facebook revenue in second-quarter
2021-05-12 22:56:53Z,Apple Music launches more than 100 city-focused music charts
2021-05-13 10:56:53Z,"Apple Plans to Spend $430 Billion, Add 20,000 New US Jobs to Help With COVID Recovery"
2021-05-12 20:56:53Z,Apple announces 1st East Coast campus in North Carolina
2021-05-12 20:56:53Z,Apple announces 1st East Coast campus in North Carolina
2021-05-12 23:56:53Z,"How Apple's $430B 5-Year U.S. Investment Affects Search, Recommendations, Advertising"
2021-05-07 20:56:53Z,Apple iOS 14.5 set to be released ‘next week’
2021-05-07 20:56:53Z,Apple iOS 14.5 set to be released ‘next week’
2021-05-06 20:56:53Z,"Apple to release iOS 14.5, iPadOS 14.5 next week: Check supported iPhone, iPad devices"
2021-05-07 20:56:53Z,Apple's New Color Balance Feature on Apple TV 4K Will Work on 2015 and Newer Models As Well
2021-05-12 20:56:53Z,Apple announces 1st East Coast campus in North Carolina
2021-05-12 20:56:53Z,Apple announces 1st East Coast campus in North Carolina
2021-05-13 14:56:53Z,Apple Celebrating International Dance Day With New Fitness Challenge
2021-05-07 20:56:53Z,Apple iOS 14.5 set to be released ‘next week’
2021-05-07 20:56:53Z,Apple iOS 14.5 set to be released ‘next week’
2021-05-07 20:56:53Z,"Apple iPad Pro to support latest PlayStation, Xbox game controllers. Orders for new iPad models..."
2021-05-12 20:56:53Z,Apple iPhone Privacy Crackdown
2021-05-12 20:56:53Z,"Apple to hire 3,000 for North Carolina campus - Charlotte Business Journal"
2021-05-06 20:56:53Z,Apple update offering increased user privacy | Business | Journal Gazette
2021-05-08 20:56:53Z,Apple's $29 AirTag is a coin-sized tracker that helps you find lost things — here's how it works
2021-05-07 20:56:53Z,"Apple and Google ‘hold data hostage’ and stifle competition, Senate told"
2021-05-09 20:56:53Z,Apple's New Siri Remote Doesn't Support Motion Controls
2021-05-12 20:56:53Z,Apple's iOS 14.5 Update Is Finally Here
2021-05-12 20:56:53Z,Is Apple Stock A Buy Ahead Of Its March-Quarter Earnings Report?
2021-05-07 20:56:53Z,Apple confirms IDFA changes will take effect from 26 April | Mobile Marketing Magazine
2021-05-07 20:56:53Z,"Apple Original Films Sets Companion Docs ‘Number One On The Call Sheet’ With Jamie Foxx, Kevin Hart..."
2021-05-12 20:56:53Z,Apple Music launches more than 100 city-focused music charts
2021-05-07 20:56:53Z,"Apple debuts new iPhone 12, iPad Pro, iMac during its first event of 2021"
2021-05-09 20:56:53Z,How to buy the Apple AirTag
2021-05-06 20:56:53Z,Apple TV 4K gets an upgrade with the A12 bionic processor | ZDNet
2021-05-06 20:56:53Z,"Apple's new iMac, iPad Pro betting on continuing remote work demand"
2021-05-06 20:56:53Z,"Apple's new iMac, iPad Pro betting on continuing remote work demand"
2021-05-13 11:56:53Z,Why Apple's RTP expansion could be game-changer for education in NC - Triangle Business Journal
2021-05-11 20:56:53Z,Apple’s long-awaited privacy policy kicks Facebook where it hurts
2021-05-07 20:56:53Z,"Apple Will Engrave 'Fart' And 'Dick' On Your New AirTags, But Not 'Poop'"
2021-05-06 20:56:53Z,"Apple unveils new products, schedules privacy crackdown"
2021-05-07 20:56:53Z,Apple’s new 5G iPad Pro models get rare subsidy from U.S. carriers
2021-05-11 20:56:53Z,Apple’s new privacy updates: more ‘purgatory than paradise’ for users
2021-05-09 20:56:53Z,Apple’s Ransomware Mess Is the Future of Online Extortion
2021-05-07 20:56:53Z,Apple Releases New Behind the Mac Videos Celebrating College Acceptances and Finneas
2021-05-07 20:56:53Z,Apple's new paid podcast subscription service is missing one crucial thing
2021-05-06 20:56:53Z,Apple Supplier Foxconn Slashes Planned Wisconsin Investment From $10B To $672M
2021-05-12 20:56:53Z,Apple is the only company worth $2 trillion. That's probably about to change
2021-05-13 19:56:53Z,How Apple is Going to Spend US$430 Billion
2021-05-13 12:56:53Z,Apple rolls out new privacy feature for iPhones and iPads
2021-05-07 20:56:53Z,Apple AirTags: The highs and lows of these $29 trackers
2021-05-13 19:56:53Z,Intel’s nightmare continues as next-gen Apple M2 chip enters production
2021-05-06 20:56:53Z,Apple's new Siri Remote lacks U1 locator to help find it in your couch
